nombre,categoria,etiqueta,precio,imagen,,,,,,
Khamrah Clásico,ARABE,,116.18,https://simple.ripley.com.pe/perfume-khamrah-de-lattafa-eau-de-parfum-100-ml-unisex-pmp20000744168?srsltid=AfmBOop3C8ySfCqLRFN320TGg9c7Gyl5LgVu41l8qn5JsCMe_kxlVJL7,,,,,,
Khamrah Qahwa,ARABE,,116.18,https://http2.mlstatic.com/D_NQ_NP_902801-MLA84026799561_042025-O.webp,,,,,,
Khamrah Dukhan,ARABE,,119.73,https://lujoperfume.com/producto/khamrah-dukhan-edp-lattafa/?srsltid=AfmBOopcapAup7ckrRy_dGlzV57wYPVedtBhbRpINR8yy9qCPM9IwrXB,,,,,,
Sublime,ARABE,,107.12,"https://media.falabella.com/falabellaPE/20956254_2/w=1500,h=1500,fit=cover",,,,,,
Honor & Glory,ARABE,,103.75,https://rimage.ripley.com.pe/home.ripley/Attachment/MKP/5478/PMP20000744520/full_image-1.png,,,,,,
Amethyst,ARABE,,100.16,https://bestperfumesmiami.com/cdn/shop/files/Badee-Al-oud-Amethyst-Lattafa-Eau-de-parfum-100-ml-2-1.png?v=1700258572,,,,,,
Oud for glory,ARABE,,100.02,https://i0.wp.com/lujoperfume.com/wp-content/uploads/2023/09/Badee-Al-Oud-for-Glory-100-Ml-3.4-oz-EDP-by-Lattafa-11-1080x1080_resultado.webp?fit=1080%2C1080&ssl=1,,,,,,
Noble Blush,ARABE,,107.12,https://aztra.pe/cdn/shop/files/resizedImg_1000x1000_1_f7aeeb0d-6eae-46f5-ba87-ad07927a7478.jpg?v=1737735259&width=1000,,,,,,
Asad,ARABE,,103.57,"https://media.falabella.com/falabellaPE/20956251_2/w=1500,h=1500,fit=cover",,,,,,
Asad Bourbon,ARABE,,107.12,https://lujoperfume.com/wp-content/uploads/2025/01/Asad-Bourbon-100-Ml-3.4-oz-EDP-by-Lattafa-4_resultado.webp,,,,,,
Asad elixir,ARABE,,134.81,https://oechsle.vteximg.com.br/arquivos/ids/23493714-1000-1000/imageUrl_1.jpg?v=639017388925970000,,,,,,
Yara Elixir,ARABE,,128.42,https://http2.mlstatic.com/D_NQ_NP_854613-MLA95504248978_102025-O.webp,,,,,,
Yara Pink,ARABE,,107.12,https://simple.ripley.com.pe/product/_next/image?url=https%3A%2F%2Frimage.ripley.com.pe%2Fhome.ripley%2FAttachment%2FMKP%2F5478%2FPMP20000744505%2Ffull_image-1.png&w=3840&q=100,,,,,,
Yara Tous,ARABE,,100.02,https://plazavea.vteximg.com.br/arquivos/ids/31545893-418-418/imageUrl_1.jpg,,,,,,
Yara Moi,ARABE,,100.02,https://www.rp-luxury.com/28658-large_default/lattafa-yara-moi-eau-de-parfum-100-ml.jpg,,,,,,
Yara Candy,ARABE,,103.57,https://http2.mlstatic.com/D_Q_NP_929559-MLA80591868886_112024-O.webp,,,,,,
Fakhar,ARABE,,110.67,https://kicklooser.com/cdn/shop/files/CopiadeEnvio_16.png?v=1755993924,,,,,,
Fakhar Extrait,ARABE,,107.12,https://http2.mlstatic.com/D_NQ_NP_611963-MPE104387415027_012026-O.webp,,,,,,
Fakhar Rose,ARABE,,103.57,https://http2.mlstatic.com/D_NQ_NP_600470-MLA71892864326_092023-O.webp,,,,,,
Fakhar Platin,ARABE,,119.73,https://http2.mlstatic.com/D_NQ_NP_959020-MLA87122873436_072025-O.webp,,,,,,
Qaed Al Fursan,ARABE,,89.37,https://http2.mlstatic.com/D_NQ_NP_633857-MLM53326963589_012023-O.webp,,,,,,
Qaed Al Fursan Unlimited,ARABE,,89.37,https://http2.mlstatic.com/D_Q_NP_968747-MLU72701224066_112023-O.webp,,,,,,
Qaed Al Fursan Untamed,ARABE,,101.38,https://acdn-us.mitiendanube.com/stores/003/226/824/products/1024-x-1024-px-37-8a5ed95a9dc49394c217514199924159-1024-1024.webp,,,,,,
The Kingdom,ARABE,,112.63,https://rimage.ripley.com.pe/home.ripley/Attachment/MKP/4467/PMP20001082962/full_image-1.jpeg,,,,,,
The Kingdom EDP,ARABE,,106.41,https://simple.ripley.com.pe/product/_next/image?url=https%3A%2F%2Frimage.ripley.com.pe%2Fhome.ripley%2FAttachment%2FMKP%2F4287%2FPMP20001087275%2Ffull_image-1.jpeg&w=3840&q=100,,,,,,
Art of Universe,ARABE,,148.13,https://rimage.ripley.com.pe/home.ripley/Attachment/MKP/4467/PMP20001083014/imagen2-1.jpeg,,,,,,
His Confession,ARABE,,132.11,https://encrypted-tbn0.gstatic.com/images?q=tbn:ANd9GcQyjJXhKhaRXyf9lsostjYiWqlWi9mt_5BErA&s,,,,,,
Her Confession,ARABE,,148.13,https://m.media-amazon.com/images/I/71as669F3eL.jpg,,,,,,
Now Rave,ARABE,,93.1,https://encrypted-tbn0.gstatic.com/images?q=tbn:ANd9GcTLeMdE_cdrG6XtXh6ECr47j0tbbTRMlSrTNw&s,,,,,,
Now White Rave,ARABE,,93.1,https://encrypted-tbn0.gstatic.com/images?q=tbn:ANd9GcT4_jsTWcbC_jnzTVf1NdhNPGbmD1fcE2Tz0Q&s,,,,,,
Rave Now Rouge,ARABE,,93.1,https://http2.mlstatic.com/D_NQ_NP_969273-MLU71876295455_092023-O.webp,,,,,,
Now Intense,ARABE,,94.88,https://http2.mlstatic.com/D_NQ_NP_924499-MLU70850246681_082023-O.webp,,,,,,
Now Eau de Parfum,ARABE,,98.43,https://encrypted-tbn0.gstatic.com/images?q=tbn:ANd9GcSQZhodF-PSVxtqCLrm6Yl7t54I9GTYJ7yrzA&s,,,,,,
Ishq Al Shuyukh Silver,ARABE,,112.63,https://http2.mlstatic.com/D_NQ_NP_980020-MLA93970105179_102025-O.webp,,,,,,
Ishq Al Shuyukh Gold,ARABE,,112.63,https://encrypted-tbn0.gstatic.com/images?q=tbn:ANd9GcR8PELBaysxQ4mbKfArPZUx4h0z27npg3K9Bw&s,,,,,,
Atlas,ARABE,,123.1,https://encrypted-tbn0.gstatic.com/images?q=tbn:ANd9GcQwN1qp1tWUGa_D2uikkSlUhHU5Q0WmyUVI7A&s,,,,,,
Angham,ARABE,,130.38,https://http2.mlstatic.com/D_NQ_NP_978901-MLA79181052276_092024-O.webp,,,,,,
Mayar,ARABE,,109.96,https://plazavea.vteximg.com.br/arquivos/ids/30722800-418-418/imageUrl_3.jpg,,,,,,
Mayar Natural Intense,ARABE,,84.23,https://http2.mlstatic.com/D_NQ_NP_734917-MLU74463479145_022024-O.webp,,,,,,
Mayar Cherry Intense,ARABE,,119.73,https://rimage.ripley.com.pe/home.ripley/Attachment/MKP/4467/PMP20000982251/full_image-1.jpeg,,,,,,
Mayar Cherry Intense mist,ARABE,,80.68,https://encrypted-tbn0.gstatic.com/images?q=tbn:ANd9GcRhQpxa4FIBiNC4Mv-BEjTdRskY9KaRkscKlg&s,,,,,,
Nebras,ARABE,,117.06,https://http2.mlstatic.com/D_NQ_NP_961658-MLA93441022780_092025-O.webp,,,,,,
Haya,ARABE,,117.06,https://encrypted-tbn0.gstatic.com/images?q=tbn:ANd9GcTMWKz7DHEgVYK1iE98wBZgnDYQIvWeB1rsEw&s,,,,,,
Eclaire,ARABE,,124.87,https://http2.mlstatic.com/D_NQ_NP_854522-MLU76885472895_062024-O.webp,,,,,,
Eclaire Banoffi,ARABE,,128.42,https://http2.mlstatic.com/D_NQ_NP_716071-MPE94370632164_102025-O.webp,,,,,,
Eclaire Pistache,ARABE,,128.42,https://encrypted-tbn0.gstatic.com/images?q=tbn:ANd9GcTM9qHyq6wxvEpYMhxtP2Mcya7RphRlbgvVdg&s,,,,,,
AFFEF,ARABE,,110.85,https://i5.walmartimages.cl/asr/c05f0bbd-24d3-49ca-bba7-24895dd10243.8185c11b466b978823038fbd60464c6f.jpeg?odnHeight=612&odnWidth=612&odnBg=FFFFFF,,,,,,
Victoria,ARABE,,128.42,https://http2.mlstatic.com/D_NQ_NP_789237-MLA82530952996_032025-O.webp,,,,,,
Masumam White Intense,ARABE,,135.7,https://rimage.ripley.com.pe/home.ripley/Attachment/MKP/4287/PMP20001087239/thumbnail-1.jpeg,,,,,,
Emmer,ARABE,,141.03,https://encrypted-tbn0.gstatic.com/images?q=tbn:ANd9GcQPBMjY8RshOkfZbOv1gULXngi3NhSer0AgMw&s,,,,,,
Atheeri,ARABE,,155.23,https://simple.ripley.com.pe/product/_next/image?url=https%3A%2F%2Frimage.ripley.com.pe%2Fhome.ripley%2FAttachment%2FMKP%2F4467%2FPMP20001082961%2Fimagen2-1.jpeg&w=3840&q=100,,,,,,
Pisa,ARABE,,146.17,https://http2.mlstatic.com/D_NQ_NP_684974-MPE81102431832_122024-O.webp,,,,,,
Jasooe,ARABE,,117.77,https://http2.mlstatic.com/D_Q_NP_603895-MLU72889292400_112023-O.webp,,,,,,
Hayaatim,ARABE,,93.1,https://rimage.ripley.com.pe/home.ripley/Attachment/MKP/1736/PMP20000571420/full_image-1.jpeg,,,,,,
Hayaati,ARABE,,93.1,"https://media.falabella.com/falabellaPE/20956258_2/w=1500,h=1500,fit=cover",,,,,,
Haayati Florencia,ARABE,,91.33,https://rimage.ripley.com.pe/home.ripley/Attachment/MKP/4467/PMP20000982276/imagen2-1.jpeg,,,,,,
Hayaati Ard Al Zaafaran,ARABE,,89.55,https://wholesale.intenseoud.com/cdn/shop/files/1_0dcd9094-699c-4f92-8956-9c233ff6a409.jpg?v=1718379365,,,,,,
Hayaati Al Maleki ,ARABE,,93.1,https://http2.mlstatic.com/D_Q_NP_823506-MLU71475377335_092023-O.webp,,,,,,
Hayaati Gold Elixir,ARABE,,89.55,https://http2.mlstatic.com/D_NQ_NP_766096-MLU69851897461_062023-O.webp,,,,,,
Qimmah,ARABE,,103.75,https://simple.ripley.com.pe/product/_next/image?url=https%3A%2F%2Frimage.ripley.com.pe%2Fhome.ripley%2FAttachment%2FMKP%2F1736%2FPMP20000766831%2Ffull_image-1.jpeg&w=3840&q=100,,,,,,
Liam,ARABE,,110.85,https://encrypted-tbn0.gstatic.com/images?q=tbn:ANd9GcQA7pc1eZUiZeQZ1e07ZCkQKwtUYTALlZ3SZQ&s,,,,,,
Liam Blue,ARABE,,103.57,https://http2.mlstatic.com/D_NQ_NP_675104-MPE108277509851_032026-O.webp,,,,,,
Shaheen Gold,ARABE,,105.53,https://http2.mlstatic.com/D_NQ_NP_978280-MLA69569955955_052023-O.webp,,,,,,
Shaheen Silver,ARABE,,105.53,https://http2.mlstatic.com/D_NQ_NP_843005-MLA90654667061_082025-O.webp,,,,,,
Al Qiaam,ARABE,,109.08,https://i0.wp.com/lujoperfume.com/wp-content/uploads/2024/05/Al-Qiam-Gold-100-Ml-3.4-oz-EDP-by-Lattafa-1_resultado.webp?fit=1080%2C1080&ssl=1,,,,,,
Al Qiaam Silver,ARABE,,109.08,https://http2.mlstatic.com/D_NQ_NP_700258-MLU74223258142_022024-O.webp,,,,,,
Ansaam Gold,ARABE,,116.18,https://http2.mlstatic.com/D_NQ_NP_903689-MLA70475985692_072023-O.webp,,,,,,
Ameerat Al Arab,ARABE,,85.82,https://http2.mlstatic.com/D_NQ_NP_961778-MLA90653343985_082025-O.webp,,,,,,
Maahir,ARABE,,105.53,https://www.mercadolibre.com.pe/perfume-maahir-lattafa-unisex-edp-100ml/p/MPE22233763,,,,,,
Maahir Black,ARABE,,105.53,https://rimage.ripley.com.pe/home.ripley/Attachment/MKP/3769/PMP20000400487/thumbnail-1.jpeg,,,,,,
Maahir Legacy,ARABE,,117.6,https://http2.mlstatic.com/D_NQ_NP_706881-MLU76828406128_062024-O.webp,,,,,,
Confidential Platininum,ARABE,,89.55,https://http2.mlstatic.com/D_NQ_NP_716663-MLU70850249629_082023-O.webp,,,,,,
Confidential Private Gold,ARABE,,89.55,https://http2.mlstatic.com/D_Q_NP_837396-MLU69500988247_052023-O.webp,,,,,,
Khanjar Eau Parfum,ARABE,,178.3,https://http2.mlstatic.com/D_NQ_NP_910083-MLA92539244696_092025-O.webp,,,,,,
Sehr,ARABE,,137.48,"https://media.falabella.com/falabellaPE/137445683_01/w=1500,h=1500,fit=cover",,,,,,
Art of Nature,ARABE,,144.58,https://fimgs.net/mdimg/perfume/o.98241.jpg,,,,,,
Vintange radio,ARABE,,123.28,https://http2.mlstatic.com/D_NQ_NP_780711-MLU73983279778_012024-O.webp,,,,,,
Raw Human,ARABE,,139.25,https://http2.mlstatic.com/D_NQ_NP_807826-MLA92928969681_092025-O.webp,,,,,,
Breeze,ARABE,,139.25,https://http2.mlstatic.com/D_NQ_NP_842096-MLA102818309764_012026-O.webp,,,,,,
La African Drummer,ARABE,,128.6,"https://m.media-amazon.com/images/I/61du7l-LX0L._AC_UF894,1000_QL80_.jpg",,,,,,
Pride Affection Eau de Parfum,ARABE,,110.85,https://http2.mlstatic.com/D_Q_NP_722219-MLU72004121148_102023-O.webp,,,,,,
La Collection damtiquites 1886,ARABE,,146.35,https://http2.mlstatic.com/D_NQ_NP_728826-MLA92933171167_092025-O.webp,,,,,,
La Collection damtiquites 1910,ARABE,,164.1,https://www.perfumecartel.com.au/cdn/shop/files/LaCollectionD_antiquites1910byLattafaPerfumes_df7761f5-c47f-47ff-8206-5b07f55cf4e3_large.png?v=1751518235,,,,,,
Teriaq Intense,ARABE,,112.63,https://rimage.ripley.com.pe/home.ripley/Attachment/MKP/4711/PMP20001167407/full_image-1.jpeg,,,,,,
Ansaam Silver,ARABE,,116.18,https://encrypted-tbn0.gstatic.com/images?q=tbn:ANd9GcQzHNzGmiPpJi6nZ5_S5BGb7pyO9p2brgiZdQ&s,,,,,,
Al Noble Wazeer,ARABE,,101.98,https://http2.mlstatic.com/D_NQ_NP_711161-MLU54976896715_042023-O.webp,,,,,,
Al Noble Safeer,ARABE,,100.2,https://encrypted-tbn0.gstatic.com/images?q=tbn:ANd9GcQcbpYbSG3e16wWqjUb1zpXuxuE1n0PcXi9ew&s,,,,,,
Al Noble Ameer,ARABE,,98.43,https://http2.mlstatic.com/D_NQ_NP_961556-MLA92957632549_092025-O.webp,,,,,,
Tharwah Gold,ARABE,,125.05,https://plazavea.vteximg.com.br/arquivos/ids/30004490-418-418/null.jpg,,,,,,
Tharwah Plata,ARABE,,123.28,https://encrypted-tbn0.gstatic.com/images?q=tbn:ANd9GcSebVCAqucM9NgT_YUz1IBO2GDXOlwpU5LCBQ&s,,,,,,
Habik women,ARABE,,126.83,https://emiratesoud.co.uk/cdn/shop/files/Habik-Women-Perfume-100ml-EDP-Lattafa-175029578.jpg?v=1754396906&width=1445,,,,,,
Habik Men,ARABE,,126.83,https://http2.mlstatic.com/D_NQ_NP_989539-MLA90887126108_082025-O.webp,,,,,,
Teriaq ,ARABE,,116.18,https://http2.mlstatic.com/D_NQ_NP_804288-MLU74532459088_022024-O.webp,,,,,,
Winners Trophy Silver,ARABE,,128.6,https://http2.mlstatic.com/D_NQ_NP_804070-MLA90230704812_082025-O.webp,,,,,,
Winners Trophy Gold,ARABE,,117.95,https://acdn-us.mitiendanube.com/stores/004/407/494/products/winners-trophy-gold-0960ad78b93c797df117148713220031-1024-1024.webp,,,,,,
Ramz Silver,ARABE,,80.68,https://http2.mlstatic.com/D_NQ_NP_872872-MPE87572248536_072025-O.webp,,,,,,
Ramz Gold,ARABE,,80.68,https://simple.ripley.com.pe/product/_next/image?url=https%3A%2F%2Frimage.ripley.com.pe%2Fhome.ripley%2FAttachment%2FMKP%2F4467%2FPMP20001271830%2Fimagen2-1.jpeg&w=3840&q=100,,,,,,
Fire on Ice ,ARABE,,137.48,https://http2.mlstatic.com/D_NQ_NP_737022-MLA92096934700_092025-O.webp,,,,,,
Petra,ARABE,,126.83,https://encrypted-tbn0.gstatic.com/images?q=tbn:ANd9GcSw28hcVay4lbOS0kWgZhBMnOMFSL3R8G9kCg&s,,,,,,
Ana Abiyedh Coral,ARABE,,103.75,https://encrypted-tbn0.gstatic.com/images?q=tbn:ANd9GcTojRylWhGTaY1bHsqO7a0Wbcw6c5zjGWQIsQ&s,,,,,,
9pm,ARABE,,117.95,"https://media.falabella.com/falabellaPE/128678330_01/w=1500,h=1500,fit=cover",,,,,,
9 pm nigth,ARABE,,169.43,"https://media.falabella.com/falabellaPE/152240882_01/w=1500,h=1500,fit=cover",,,,,,
9 PM REBEL,ARABE,,137.48,https://encrypted-tbn0.gstatic.com/images?q=tbn:ANd9GcRH0VqKpeNxyDddjbFm6T_RdLv5oGyNAZpvfw&s,,,,,,
9 PM ELIXIR,ARABE,,146.17,https://http2.mlstatic.com/D_NQ_NP_654996-MLA89317681165_082025-O.webp,,,,,,
9 PM POUR FEMME,ARABE,,117.95,"https://media.falabella.com/falabellaPE/146189796_01/w=1500,h=1500,fit=cover",,,,,,
9 AM DIVE,ARABE,,116.18,"https://media.falabella.com/falabellaPE/129797477_01/w=1500,h=1500,fit=cover",,,,,,
9 AM POUR FEMME,ARABE,,117.95,https://www.farmadon.com.ve/wp-content/uploads/2024/06/Afnan-9-Am-Pour-Femme-Eau-De-Parfum-100Ml-3.png,,,,,,
9 AM EAU PARFUM,ARABE,,110.85,https://http2.mlstatic.com/D_NQ_NP_871194-MLU70081329038_062023-O.webp,,,,,,
Turathi Blue,ARABE,,126.83,https://encrypted-tbn0.gstatic.com/images?q=tbn:ANd9GcT8UBcAxVycSNvyg5C-4VmbMlv8FRGy4Uefgw&s,,,,,,
Turathi Electric,ARABE,,148.13,https://http2.mlstatic.com/D_Q_NP_877651-MLA86896630108_072025-O.webp,,,,,,
Turathi Brown ,ARABE,,121.5,https://encrypted-tbn0.gstatic.com/images?q=tbn:ANd9GcTb3lTlPEhyoB1ovaG5Z4eV0aPn_hxlo30yYA&s,,,,,,
Supremacy Collectros Edition,ARABE,,149.9,"https://media.falabella.com/falabellaPE/144274797_01/w=800,h=800,fit=pad",,,,,,
Supremacy Not Only Intense Extrait,ARABE,,164.1,"https://media.falabella.com/falabellaPE/133578276_01/w=1500,h=1500,fit=cover",,,,,,
Supremacy Eau de parfum,ARABE,,107.3,https://http2.mlstatic.com/D_NQ_NP_656565-MLM51622646111_092022-O.webp,,,,,,
Supremacy Not Only Intense,ARABE,,164.1,https://i5.walmartimages.com/seo/Afnan-Men-s-Supremacy-Not-Only-Intense-EDP-5-0-oz-Fragrances-6290171072775_fb702f10-9c4d-4344-8d12-544193ece1dd.ed1a338c0e4386cfc5c784db36fd332b.jpeg,,,,,,
Supremacy In Heaven,ARABE,,109.08,https://http2.mlstatic.com/D_NQ_NP_656565-MLM51622646111_092022-O.webp,,,,,,
Supremacy Pink,ARABE,,107.3,https://rimage.ripley.com.pe/home.ripley/Attachment/MKP/4287/PMP20001083516/thumbnail-1.jpeg,,,,,,
Tiramisu Caramel,ARABE,,126.83,https://rimage.ripley.com.pe/home.ripley/Attachment/MKP/4287/PMP20001093244/thumbnail-1.jpeg,,,,,,
Tiramisu Coco,ARABE,,126.83,https://http2.mlstatic.com/D_NQ_NP_754798-MLA82681537120_032025-O.webp,,,,,,
Highness VI,ARABE,,235.1,https://http2.mlstatic.com/D_NQ_NP_713837-MLA92392300014_092025-O.webp,,,,,,
Highness III,ARABE,,235.1,https://http2.mlstatic.com/D_NQ_NP_976805-MLU71462106048_092023-O.webp,,,,,,
Highness IV,ARABE,,231.55,https://encrypted-tbn0.gstatic.com/images?q=tbn:ANd9GcTZpOdBYgl3v5U-YfYVoBsYTJPpbJo1MHENWw&s,,,,,,
Rare carbon,ARABE,,121.5,https://i0.wp.com/lujoperfume.com/wp-content/uploads/2024/06/Rare-Carbon-Men-100-Ml-3.4-oz-EDP-by-Afnan-1.webp?fit=1080%2C1080&ssl=1,,,,,,
Souvenir Blooming Bliss,ARABE,,142.8,https://i.ebayimg.com/images/g/y3QAAOSw9zVnl4WZ/s-l225.jpg,,,,,,
Historic Olmeda,ARABE,,139.25,https://http2.mlstatic.com/D_NQ_NP_770538-MLU70661156245_072023-O.webp,,,,,,
Violet Boouquet,ARABE,,146.35,https://http2.mlstatic.com/D_NQ_NP_839304-MLU70530127925_072023-O.webp,,,,,,
Souvenir Desert Rose,ARABE,,139.25,https://http2.mlstatic.com/D_Q_NP_926900-MLU70545502704_072023-O.webp,,,,,,
Souvernir Floral Bouquet,ARABE,,139.25,https://http2.mlstatic.com/D_NQ_NP_778142-MLA110232923181_042026-O.webp,,,,,,
Historic Doria,ARABE,,139.25,https://http2.mlstatic.com/D_Q_NP_708389-MLU71257528391_082023-O.webp,,,,,,
Mystique Bouqet ,ARABE,,139.25,https://http2.mlstatic.com/D_Q_NP_763102-MLU73068048981_112023-O.webp,,,,,,
Tribute Blue,ARABE,,139.25,https://http2.mlstatic.com/D_NQ_NP_803331-MLU71590584293_092023-O.webp,,,,,,
Tribute Pink,ARABE,,139.25,https://http2.mlstatic.com/D_NQ_NP_696731-MLU73464824732_122023-O.webp,,,,,,
Cherry Bouquet ,ARABE,,164.1,https://encrypted-tbn0.gstatic.com/images?q=tbn:ANd9GcTW4Ig0nn68LBt8cUeMz0MiSbSqGx7T_TINXg&s,,,,,,
Kiaana Crush,ARABE,,157,https://encrypted-tbn0.gstatic.com/images?q=tbn:ANd9GcQxnAkUydJgg6Vr1112NftlELtZi8GRpUYzHw&s,,,,,,
Kiaana Angel,ARABE,,157,https://encrypted-tbn0.gstatic.com/images?q=tbn:ANd9GcQ9Vhu58BSk40KMSnbMq5Omd5a_Jg_PL1nSrw&s,,,,,,
Bharara King EDP,ARABE,,190.37,https://simple.ripley.com.pe/product/_next/image?url=https%3A%2F%2Frimage.ripley.com.pe%2Fhome.ripley%2FAttachment%2FMKP%2F5478%2FPMP20000744537%2Ffull_image-1.png&w=3840&q=100,,,,,,
Bharara King EDP,ARABE,,249.83,https://media.falabella.com/falabellaPE/129315909_01/public,,,,,,
Bharara Chocolate,ARABE,,233.5,"https://media.falabella.com/falabellaPE/143392655_01/w=800,h=800,fit=pad",,,,,,
Bharara King Parfum,ARABE,,242.73,https://media.falabella.com/falabellaPE/129315909_01/public,,,,,,
Bharara King Soleil EDP,ARABE,,249.83,https://http2.mlstatic.com/D_NQ_NP_948357-MPE96165322473_102025-O.webp,,,,,,
Bharara Onyx,ARABE,,232.08,https://http2.mlstatic.com/D_NQ_NP_689641-MPE86289149247_062025-O.webp,,,,,,
Bharara Rose,ARABE,,224.98,https://aromyperfumes.com/cdn/shop/files/Perfume-Bharara-Rose-EDP-100-ml-Mujer-CA_d8491397-6d5e-47cd-a200-77a5490d2497.webp?v=1760037506&width=640,,,,,,
Bharara Bleu,ARABE,,214.33,"https://media.falabella.com/falabellaPE/130304924_01/w=800,h=800,fit=pad",,,,,,
Enigma,ARABE,,198.36,https://productosdelujo.cl/cdn/shop/files/BHARARA20.png?v=1732814712&width=2000,,,,,,
Essence,ARABE,,198.36,https://encrypted-tbn0.gstatic.com/images?q=tbn:ANd9GcTzxhZbUWfGdkMQhcUYU-BNdrTuotchbuTbqw&s,,,,,,
Elegance,ARABE,,198.36,https://www.worldshop.com.py/img/52129/produtos/1200/0b0409a746ad530c0e2ca1e3bf2b699a.jpg,,,,,,
Rome Pour Homme,ARABE,,122.03,https://runastore.pe/media/catalog/product/cache/1ad426beaceeac5935cd76675f3d6a1f/r/o/rome-bharara_1.jpg,,,,,,
Rome Imagine,ARABE,,122.03,https://http2.mlstatic.com/D_Q_NP_762078-MLA92843032335_092025-O.webp,,,,,,
Rome Yum Yum,ARABE,,129.13,https://encrypted-tbn0.gstatic.com/images?q=tbn:ANd9GcQaCeUankorYAO5WPI8C2Wp5nSBLSo2Fh9pow&s,,,,,,
Rome Paradox,ARABE,,129.13,https://i.ebayimg.com/images/g/UHIAAeSw-Xloz~KV/s-l1200.jpg,,,,,,
Pharaoh Ramesses I,ARABE,,329.71,"https://m.media-amazon.com/images/I/71xTciAYZSL._AC_UF1000,1000_QL80_.jpg",,,,,,
Pharaoh Ramesses II,ARABE,,329.71,https://encrypted-tbn0.gstatic.com/images?q=tbn:ANd9GcThC5aprFrU_B4MY0x6dyTwjzlpIhoccVKgaw&s,,,,,,
MAST SWEET VELVET W,ARABE,,129.13,https://orientalaromas.com/cdn/shop/files/92406EFC-0FD3-434D-A801-1E7920D66992_590x767.png?v=1767315835,,,,,,
VELVET ROSE DE MAST,ARABE,,125.58,https://rimage.ripley.com.pe/home.ripley/Attachment/MKP/3769/PMP20000765843/thumbnail-1.jpeg,,,,,,
Viking Dubai,ARABE,,240.96,"https://media.falabella.com/falabellaPE/138934527_03/w=1500,h=1500,fit=cover",,,,,,
Viking Cairo,ARABE,,258.71,https://i5.walmartimages.com/asr/b3d774c7-09c2-4420-b30b-6a3cb0de1c70.14bb937d4197830ed9d2c7b8bc0cd297.jpeg,,,,,,
Viking Kashmir,ARABE,,249.83,https://http2.mlstatic.com/D_NQ_NP_855872-MLA92808039615_092025-O.webp,,,,,,
Viking Beirut,ARABE,,240.96,https://i0.wp.com/lujoperfume.com/wp-content/uploads/2023/10/Viking-Beirut-for-Men-100-ML-3.4-oz-by-Bharara-6_resultado.webp?fit=1080%2C1080&ssl=1,,,,,,
Viking Rio,ARABE,,242.73,https://http2.mlstatic.com/D_NQ_NP_704606-MLU74143195595_012024-O.webp,,,,,,
Placid ,ARABE,,233.86,https://encrypted-tbn0.gstatic.com/images?q=tbn:ANd9GcSR5cpk-8sF6Lmg0t11nreZZBKtJoXFECYNgQ&s,,,,,,
Peace,ARABE,,233.86,https://m.media-amazon.com/images/I/61vos-zoCML.jpg,,,,,,
Gorgeus,ARABE,,136.23,https://encrypted-tbn0.gstatic.com/images?q=tbn:ANd9GcQ9M-PN1TQSdk-wTXakxK52OKEs1pnpt-eNzQ&s,,,,,,
Jean Lowe Azure,ARABE,,122.03,https://http2.mlstatic.com/D_NQ_NP_880857-MLA82269183177_022025-O.webp,,,,,,
Jean Lowe Vibe Eau Parfum,ARABE,,122.03,https://http2.mlstatic.com/D_NQ_NP_884647-MLA82953717167_032025-O.webp,,,,,,
Jean Lowe Noir,ARABE,,106.06,https://http2.mlstatic.com/D_NQ_NP_935214-MLA99251998026_112025-O.webp,,,,,,
Jean Lowe Fraiche,ARABE,,107.83,https://encrypted-tbn0.gstatic.com/images?q=tbn:ANd9GcT23bYNXDY8wzgOeNgADdVxDpLMZtNWTG3BSw&s,,,,,,
Jean Lowe Matiere,ARABE,,106.06,https://http2.mlstatic.com/D_NQ_NP_605471-MLA109393338002_042026-O.webp,,,,,,
Jean Lowe Inmortal,ARABE,,109.61,"https://media.falabella.com/falabellaPE/137057574_01/w=1004,h=1500,fit=pad",,,,,,
Jean Lowe Nouveau,ARABE,,107.83,https://i5.walmartimages.com/seo/Jean-Lowe-Nouveau-Eau-de-Parfum-by-Maison-Alhambra-unisex-100ml-3-4oz_ed3162bc-c31c-44e3-a049-5a6c399d6f6b.b5bd64170e4b5eb909a83f68419522b1.jpeg,,,,,,
Salvo Elixir,ARABE,,91.86,https://i.ebayimg.com/images/g/j~8AAOSwQ6llyTAe/s-l225.jpg,,,,,,
Salvo Eau De Parfum,ARABE,,88.31,https://multimarcasperfumes.cl/cdn/shop/files/SAlvoedp_600x.png?v=1767125759,,,,,,
Salvo Intense Eau De Parfum,ARABE,,88.31,https://plazavea.vteximg.com.br/arquivos/ids/30371711-418-418/imageUrl_2.jpg,,,,,,
Sceptre Malachite,ARABE,,113.16,https://http2.mlstatic.com/D_NQ_NP_635392-MLU72441330969_102023-O.webp,,,,,,
Sceptre Bronzite,ARABE,,116.71,https://rimage.ripley.com.pe/home.ripley/Attachment/MKP/4467/PMP20001251458/full_image-1.jpeg,,,,,,
Sceptre Oceana,ARABE,,116.71,https://http2.mlstatic.com/D_Q_NP_960011-MLU73788465674_012024-O.webp,,,,,,
Sceptre Desert ,ARABE,,118.48,https://http2.mlstatic.com/D_NQ_NP_891438-MLA86436404436_062025-O.webp,,,,,,
Sceptre Amazonite,ARABE,,114.93,https://http2.mlstatic.com/D_Q_NP_743591-MLA92545258722_092025-O.webp,,,,,,
Glacier Le Noir,ARABE,,91.86,https://http2.mlstatic.com/D_NQ_NP_801884-MLU73007304952_112023-O.webp,,,,,,
Glacier Ultra,ARABE,,91.86,"https://media.falabella.com/falabellaPE/138328267_01/w=800,h=800,fit=pad",,,,,,
Glacier Pour Homme,ARABE,,91.86,https://rimage.ripley.com.pe/home.ripley/Attachment/MKP/4287/PMP20001093156/full_image-1.jpeg,,,,,,
Glacier Bold,ARABE,,104.28,https://rimage.ripley.com.pe/home.ripley/Attachment/MKP/1736/PMP20000708279/thumbnail-1.jpeg,,,,,,
Glacier Bella,ARABE,,90.08,https://http2.mlstatic.com/D_NQ_NP_894702-MLA90582265639_082025-O.webp,,,,,,
Tobacco Touch,ARABE,,97.18,https://i5.walmartimages.com/asr/f9f5e086-5e7a-4e51-aa9e-b723ca438360.1d676b7f8b7d45c65f673bc61adb465e.jpeg,,,,,,
Amber oud Gold Edition,ARABE,,184.16,"https://media.falabella.com/falabellaPE/133592554_01/w=1004,h=1500,fit=pad",,,,,,
Amber oud Gold Edition,ARABE,,200.13,https://http2.mlstatic.com/D_NQ_NP_745198-MLA52231599658_112022-O.webp,,,,,,
Amber oud Gold Edition,ARABE,,239.18,https://www.mercadolibre.com.pe/al-haramain-amber-oud-gold-edition-unisex-200ml-edp/p/MPE29006729,,,,,,
Amber oud Gold Edition Extreme,ARABE,,248.06,https://aztra.pe/cdn/shop/files/resizedImg_1000x1000_0_022f4b0e-28be-4394-8252-1bae0e80e43c.jpg?v=1737735482,,,,,,
Amber oud Aqua Dubai,ARABE,,175.28,"https://media.falabella.com/falabellaPE/138465246_01/w=1500,h=1500,fit=cover",,,,,,
Amber oud Aqua Dubai,ARABE,,196.36,https://unaluka.com/cdn/shop/files/resizedImg_1000x1000_0_35c82970-6bb7-41c6-a21e-42cfc2234904_200x200_crop_center.jpg?v=1745419654,,,,,,
Amber oud Aqua Dubai Nigth,ARABE,,175.28,https://fimgs.net/mdimg/secundar/fit.120275.jpg,,,,,,
Amber oud Aqua Dubai Nigth,ARABE,,198.36,https://simple.ripley.com.pe/product/_next/image?url=https%3A%2F%2Frimage.ripley.com.pe%2Fhome.ripley%2FAttachment%2FMKP%2F3083%2FPMP20001085952%2Fimagen2-1.jpeg&w=3840&q=100,,,,,,
Amber oud Gold 999.9 dubai,ARABE,,194.81,https://jpt.cl/wp-content/uploads/2025/04/01ALHAOGOLD9EPUUN100.jpg,,,,,,
Amber Oud Exclusif Emeral,ARABE,,209.01,https://rimage.ripley.com.pe/home.ripley/Attachment/MKP/1736/PMP20000576344/thumbnail-1.jpeg,,,,,,
Amber oud Blue ,ARABE,,175.28,https://http2.mlstatic.com/D_NQ_NP_678216-MLU70500849240_072023-O.webp,,,,,,
Amber oud rouge ,ARABE,,304.86,https://rimage.ripley.com.pe/home.ripley/Attachment/MKP/1736/PMP20000576417/full_image-1.jpeg,,,,,,
Amber oud Carbon,ARABE,,171.73,https://http2.mlstatic.com/D_NQ_NP_924136-MPE84853694595_052025-O.webp,,,,,,
amber Oud Ultra Violet,ARABE,,212.56,https://http2.mlstatic.com/D_NQ_NP_832379-MLU73783505442_012024-O.webp,,,,,,
amber oud ruby,ARABE,,161.08,https://rimage.ripley.com.pe/home.ripley/Attachment/MKP/3083/PMP20001085964/imagen2-1.jpeg,,,,,,
Amber oud Exclusif Sport 2.0,ARABE,,173.51,https://i5.walmartimages.com/seo/Al-Haramain-Men-s-Amber-Oud-Exclusif-Sport-EDP-2-0-oz-Fragrances-3760327810030_df54df2f-155c-4095-9757-02da57e82fae.3f509da6e6d27c9dd85b20e014b672b2.jpeg,,,,,,
Amber oud private edition,ARABE,,171.73,https://aztra.pe/cdn/shop/files/resizedImg_1000x1000_0_ca6848fe-9fe1-4778-be47-6a566039063e.jpg?v=1737735491,,,,,,
Bon Cherie,ARABE,,173.51,https://cazanovaonline.mx/cdn/shop/files/bon.png?v=1722302345,,,,,,
Bon Cherie Violette,ARABE,,173.51,https://rimage.ripley.com.pe/home.ripley/Attachment/MKP/1736/PMP20000576537/full_image-1.jpeg,,,,,,
LAventure Femme ,ARABE,,127.36,https://http2.mlstatic.com/D_NQ_NP_949033-MPE83501673777_042025-O.webp,,,,,,
LAventure Rose Arabian,ARABE,,130.91,https://rimage.ripley.com.pe/home.ripley/Attachment/MKP/1736/PMP20000576426/imagen3-1.jpeg,,,,,,
LAventure Grapefruit Extrait,ARABE,,136.23,"https://m.media-amazon.com/images/I/51tDWuJPJbL._AC_UF1000,1000_QL80_.jpg",,,,,,
LAventure Iris Extrait,ARABE,,136.23,"https://m.media-amazon.com/images/I/51KMMI6-poL._AC_UF1000,1000_QL80_.jpg",,,,,,
LAventure Ciel,ARABE,,136.23,https://jpt.cl/wp-content/uploads/2024/12/01ALHLAVENCIEPMUN100.jpg,,,,,,
LAventure Fraiche Extrait,ARABE,,136.23,https://lmd.com.co/cdn/shop/files/PerfumeL_aventureFraicheHaramain100mlExtraitdeParfum.webp?v=1715070622&width=1445,,,,,,
Detour Noir,ARABE,,122.03,https://http2.mlstatic.com/D_NQ_NP_954964-MPE85828198118_062025-O.webp,,,,,,
Nitro Red,ARABE,,126.47,https://http2.mlstatic.com/D_NQ_NP_609865-MLU70374139645_072023-O.webp,,,,,,
Nitro Red Intensely,ARABE,,166.23,https://http2.mlstatic.com/D_Q_NP_774647-MLA83827293789_042025-O.webp,,,,,,
Nitro White,ARABE,,122.92,https://encrypted-tbn0.gstatic.com/images?q=tbn:ANd9GcQ-L2EmAhWTgFTM_E61nBjtRjVxaecz5OHqBQ&s,,,,,,
Nitro Elixir,ARABE,,165.52,https://http2.mlstatic.com/D_NQ_NP_896688-MLA90918087878_082025-O.webp,,,,,,
Nitro Green,ARABE,,123.45,https://http2.mlstatic.com/D_NQ_NP_851703-MLU70530551645_072023-O.webp,,,,,,
Nitro Platinum,ARABE,,129.13,https://http2.mlstatic.com/D_NQ_NP_963620-MPE83452916770_042025-O.webp,,,,,,
Nitro Black,ARABE,,129.13,https://http2.mlstatic.com/D_NQ_NP_880108-MLA90219996944_082025-O.webp,,,,,,
Nitro Blue,ARABE,,120.08,https://http2.mlstatic.com/D_NQ_NP_629228-MLU71652082914_092023-O.webp,,,,,,
Nitro Pour Homme,ARABE,,127.36,https://rimage.ripley.com.pe/home.ripley/Attachment/MKP/4287/PMP20001093041/thumbnail-1.jpeg,,,,,,
Nitro Intense,ARABE,,127.36,"https://media.falabella.com/falabellaPE/139926714_01/w=1500,h=1500,fit=cover",,,,,,
Nitro Gold,ARABE,,169.78,https://cazanovaonline.mx/cdn/shop/files/1_162522f3-9d17-4027-9cb9-f299e714b650.png?v=1777406648&width=1946,,,,,,
Vulcan Feu,ARABE,,155.76,"https://media.falabella.com/falabellaPE/148290988_01/w=1500,h=1500,fit=cover",,,,,,
Vulcan Sable,ARABE,,155.76,"https://media.falabella.com/falabellaPE/149569360_01/w=1500,h=1500,fit=cover",,,,,,
Vulcan Baie,ARABE,,155.76,"https://media.falabella.com/falabellaPE/149741030_01/w=1500,h=1500,fit=cover",,,,,,
Wraith Spectre,ARABE,,127,https://encrypted-tbn0.gstatic.com/images?q=tbn:ANd9GcTACf4aGKI8-4Wvm-DHpPmspkvsgfSsg_7Kdw&s,,,,,,
Sprectre Ghost ,ARABE,,127.36,https://http2.mlstatic.com/D_NQ_NP_717909-MLA93973654009_102025-O.webp,,,,,,
Liquid Brun,ARABE,,141.52,https://http2.mlstatic.com/D_NQ_NP_852085-MLA80071541612_102024-O.webp,,,,,,
Azzure Oud French,ARABE,,136.23,https://http2.mlstatic.com/D_NQ_NP_610821-MPE92067959921_092025-O.webp,,,,,,
Cocoa Morado,ARABE,,136.23,https://encrypted-tbn0.gstatic.com/images?q=tbn:ANd9GcQIYgZwShp4n1wIDU6_03eC8AEJmd7UddoIrw&s,,,,,,
Meringue,ARABE,,145.07,https://imperian.co.uk/cdn/shop/files/Meringue-Perfume-100ml-EDP-French-Avenue-by-Fragrance-World-147257615.jpg?v=1725288642&width=1445,,,,,,
Luscious,ARABE,,145.07,https://cdnx.jumpseller.com/perfumesdelujo/image/59207152/FRAV02.png?1737145035,,,,,,
Aether Extrait,ARABE,,161.08,"https://media.falabella.com/falabellaPE/149569494_01/w=800,h=800,fit=pad",,,,,,
After Effect,ARABE,,102.51,https://cdnx.jumpseller.com/perfumesdelujo/image/65298311/after_20effect.png?1752263541,,,,,,
Glorious Oud,ARABE,,91.86,"https://m.media-amazon.com/images/I/71PwSzj1R+L._AC_UF1000,1000_QL80_.jpg",,,,,,
Happines Oud,ARABE,,91.86,https://emiratesoud.co.uk/cdn/shop/files/Happiness-Oud-Extrait-de-Parfum-80ml-French-Avenue-184727063.png?v=1771620343&width=1946,,,,,,
Rose Explosion ,ARABE,,91.86,"https://m.media-amazon.com/images/I/51r6lqMDj-L._AC_UF1000,1000_QL80_.jpg",,,,,,
tropical vibe,ARABE,,146.88,https://http2.mlstatic.com/D_Q_NP_2X_658180-MPE107307820514_032026-P.webp,,,,,,
freeze,ARABE,,147.77,https://i0.wp.com/lujoperfume.com/wp-content/uploads/2026/02/Freeze-100-ML-Extrait-de-Parfum-by-Riiffs-10_resultado.webp?fit=1080%2C1080&ssl=1,,,,,,
Vulcan Black,ARABE,,178.83,https://encrypted-tbn0.gstatic.com/images?q=tbn:ANd9GcQg_l_sfYTI9tHjgdYTpJn2eyxAo5LEiyAXjQ&s,,,,,,
Amber Rouge,ARABE,,237.41,"https://media.falabella.com/falabellaPE/127312807_01/w=1500,h=1500,fit=cover",,,,,,
Royal Bleu,ARABE,,237.41,https://rimage.ripley.com.pe/home.ripley/Attachment/MKP/1736/PMP20000667092/full_image-1.jpeg,,,,,,
Azure Fantasy,ARABE,,315.51,https://http2.mlstatic.com/D_NQ_NP_679249-MLU74992141158_032024-O.webp,,,,,,
Royal Amber,ARABE,,237.41,https://plazavea.vteximg.com.br/arquivos/ids/30280417-418-418/image-5a80083db99541ceaf3ad3f0346f04a2.jpg,,,,,,
Hawas,ARABE,,131.97,https://most.pe/cdn/shop/files/1_47_1000x1000.jpg?v=1774374809,,,,,,
Hawas Ice,ARABE,,164.1,https://http2.mlstatic.com/D_Q_NP_724947-MLU74163301315_012024-O.webp,,,,,,
Hawas fire,ARABE,,163.92,"https://media.falabella.com/falabellaPE/145035661_01/w=1500,h=1500,fit=cover",,,,,,
Hawas black,ARABE,,132.15,https://rimage.ripley.com.pe/home.ripley/Attachment/MKP/3734/PMP20001018453/full_image-1.jpeg,,,,,,
Hawas tropical,ARABE,,149.9,"https://media.falabella.com/falabellaPE/147705413_01/w=1500,h=1500,fit=cover",,,,,,
Hawas Elixir,ARABE,,132.15,"https://media.falabella.com/falabellaPE/143185466_01/w=800,h=800,fit=pad",,,,,,
Hawas Malibú,ARABE,,160.55,https://http2.mlstatic.com/D_NQ_NP_965026-MLA92962664343_092025-O.webp,,,,,,
Hawas Cobra,ARABE,,160.55,https://http2.mlstatic.com/D_Q_NP_749870-MLA92967415611_092025-O.webp,,,,,,
Hawas Eclat,ARABE,,142.8,https://http2.mlstatic.com/D_NQ_NP_905801-MLA86687895225_062025-O.webp,,,,,,
MANDARIN SKY ELIXIR,ARABE,,148.13,https://plazavea.vteximg.com.br/arquivos/ids/33072385-418-418/imageUrl_1.jpg,,,,,,
Mandarin Sky,ARABE,,169.43,"https://media.falabella.com/falabellaPE/136579285_04/w=1500,h=1500,fit=cover",,,,,,
Mandarin Sky,ARABE,,146.35,"https://media.falabella.com/falabellaPE/136579285_01/w=1500,h=1500,fit=cover",,,,,,
Odyssey Aqua,ARABE,,124.16,https://http2.mlstatic.com/D_Q_NP_753958-MLU69767271971_062023-O.webp,,,,,,
Odyssey Candee,ARABE,,114.4,"https://media.falabella.com/falabellaPE/140240243_01/w=1500,h=1500,fit=cover",,,,,,
Odyssey Homme White Edition,ARABE,,120.61,https://http2.mlstatic.com/D_NQ_NP_812079-MLC46545693413_062021-O.webp,,,,,,
Odyssey Home edp,ARABE,,119.73,https://http2.mlstatic.com/D_Q_NP_2X_804456-MLA102433096743_122025-P.webp,,,,,,
Odyssey Mega,ARABE,,121.5,https://http2.mlstatic.com/D_NQ_NP_670145-MLU69959041207_062023-O.webp,,,,,,
Odyssey Spectra,ARABE,,114.4,https://plazavea.vteximg.com.br/arquivos/ids/31546229-418-418/imageUrl_1.jpg,,,,,,
Odyssey Dubai Chocolat,ARABE,,144.58,https://http2.mlstatic.com/D_NQ_NP_959322-MLA92791713849_092025-O.webp,,,,,,
Odyssey Aqua,ARABE,,157,"https://media.falabella.com/falabellaPE/149215668_01/w=1500,h=1500,fit=cover",,,,,,
MANDARIN SKY VINTAGE,ARABE,,146.35,"https://media.falabella.com/falabellaPE/152304815_01/w=1500,h=1500,fit=cover",,,,,,
Odyssey Artisto ,ARABE,,146.35,https://http2.mlstatic.com/D_NQ_NP_622633-MLA85088197323_052025-O.webp,,,,,,
Odyssey Limoni,ARABE,,121.5,https://http2.mlstatic.com/D_NQ_NP_770237-MLA80282081784_112024-O.webp,,,,,,
Odyssey Tyrant,ARABE,,110.85,https://encrypted-tbn0.gstatic.com/images?q=tbn:ANd9GcTYht9zHXocrleCjnvee3uroK0J8RPIUUveqg&s,,,,,,
Odyssey Go Mango,ARABE,,155.23,"https://media.falabella.com/falabellaPE/150320377_01/w=1500,h=1500,fit=cover",,,,,,
Odyssey Revolution,ARABE,,146.35,https://media.falabella.com/falabellaPE/146999354_01/public,,,,,,
Odyssey Eau de Montagne,ARABE,,146.35,https://fimgs.net/mdimg/secundar/fit.135447.jpg,,,,,,
Odyssey Toffe Coffe,ARABE,,155.23,https://http2.mlstatic.com/D_NQ_NP_969759-MLA93062309690_092025-O.webp,,,,,,
Odyssey BA HA MAS,ARABE,,155.23,https://encrypted-tbn0.gstatic.com/images?q=tbn:ANd9GcRgOPODmfRQ9ROAZ-23gNPcBqRSHO9v1v2q7A&s,,,,,,
Odyssey Black Forest Desert,ARABE,,155.23,"https://m.media-amazon.com/images/I/71ThCxsI0RL._AC_UF350,350_QL80_.jpg",,,,,,
Odyssey Aoud ,ARABE,,107.3,https://encrypted-tbn0.gstatic.com/images?q=tbn:ANd9GcQKIVBU3Tf0Xar7uVCeIOGEOU71ZoDAXubaUw&s,,,,,,
Odyssey Wild One,ARABE,,112.63,https://maisonarabia.com.pe/cdn/shop/files/wildone_1024x1024.webp?v=1758906683,,,,,,
Odyssey Femme,ARABE,,117.95,https://encrypted-tbn0.gstatic.com/images?q=tbn:ANd9GcT_b8sZ3EB-ndJ59_fu6MvDfWfmlgurOQ3Z_A&s,,,,,,
Club de nuit intense,ARABE,,117.95,https://fimgs.net/mdimg/perfume-thumbs/375x500.34696.jpg,,,,,,
club de nuit intense,ARABE,,187.18,https://http2.mlstatic.com/D_NQ_NP_883815-MLA46711412901_072021-O.webp,,,,,,
club de nuit intense extrait de parfum,ARABE,,144.58,https://http2.mlstatic.com/D_NQ_NP_793931-MPE104372172237_012026-O.webp,,,,,,
Club de nuit Untold,ARABE,,144.58,https://encrypted-tbn0.gstatic.com/images?q=tbn:ANd9GcRiIh1KnJnIV52P-CVbu6fOsJ5vZBkr2eHHqw&s,,,,,,
Club de nuit blue iconic,ARABE,,144.58,"https://media.falabella.com/falabellaPE/134394845_01/w=800,h=800,fit=pad",,,,,,
Club de nuit urban elixir,ARABE,,130.38,"https://media.falabella.com/falabellaPE/124689970_01/w=800,h=800,fit=pad",,,,,,
Club de nuit sillage,ARABE,,137.48,"https://media.falabella.com/falabellaPE/135476674_01/w=1500,h=1500,fit=cover",,,,,,
Club de nuit maleka,ARABE,,157,https://rimage.ripley.com.pe/home.ripley/Attachment/MKP/4287/PMP20001088388/thumbnail-1.jpeg,,,,,,
Club de nuit milestone,ARABE,,130.38,https://rimage.ripley.com.pe/home.ripley/Attachment/MKP/4287/PMP20001088380/thumbnail-1.jpeg,,,,,,
Club de nuit oud,ARABE,,196.05,https://http2.mlstatic.com/D_NQ_NP_859049-MLU73824793320_012024-O.webp,,,,,,
Club de nuit Imperiale,ARABE,,142.8,"https://media.falabella.com/falabellaPE/142324443_01/w=800,h=800,fit=pad",,,,,,
Club de nuit intense limited edition,ARABE,,238.65,https://encrypted-tbn0.gstatic.com/images?q=tbn:ANd9GcTqaIEAVT-4ZdRv3Qu-4bSfeEO4GjlH4EzUFg&s,,,,,,
Club de nuit urban man,ARABE,,130.38,"https://media.falabella.com/falabellaPE/124689970_01/w=800,h=800,fit=pad",,,,,,
Club de nuit women extrait de parfum,ARABE,,144.58,"https://media.falabella.com/falabellaPE/144572049_01/w=1500,h=1500,fit=cover",,,,,,
Club de nuit Precieux IV,ARABE,,181.67,"https://media.falabella.com/falabellaPE/149096834_01/w=1500,h=1500,fit=cover",,,,,,
Club de nuit Precieux ,ARABE,,176.53,https://http2.mlstatic.com/D_NQ_NP_858893-MLU77349187345_062024-O.webp,,,,,,
Club de nuit uae national day,ARABE,,137.48,https://encrypted-tbn0.gstatic.com/images?q=tbn:ANd9GcTayJ7JqbUs5EdXb5EjnXlEoh26QUGCLaw0_g&s,,,,,,
Club de nuit woman,ARABE,,106.41,"https://media.falabella.com/falabellaPE/124690036_01/w=1500,h=1500,fit=cover",,,,,,
Club de nuit private key to my dream,ARABE,,185.4,https://encrypted-tbn0.gstatic.com/images?q=tbn:ANd9GcQ97KtxADGaPqppNNEfd6GjneO9BDBy7G-C5Q&s,,,,,,
Club de nuit private key to my love,ARABE,,185.4,https://http2.mlstatic.com/D_NQ_NP_991679-MPE81823023304_012025-O.webp,,,,,,
Tag her donna colorata,ARABE,,114.4,https://http2.mlstatic.com/D_Q_NP_669269-MLA92956727679_092025-O.webp,,,,,,
Tag him uomo nero,ARABE,,116.18,https://http2.mlstatic.com/D_NQ_NP_781843-MLU76604697217_052024-O.webp,,,,,,
Tag him uomo rosso,ARABE,,116.18,https://plazavea.vteximg.com.br/arquivos/ids/33140883-1000-1000/imageUrl_1.jpg?v=638999067488100000,,,,,,
Tag uomo di terra,ARABE,,110.85,https://runastore.pe/media/catalog/product/cache/1ad426beaceeac5935cd76675f3d6a1f/t/a/tag-arm_1.jpg,,,,,,
Yum yum,ARABE,,181.67,https://http2.mlstatic.com/D_NQ_NP_708644-MLA81748814944_012025-O.webp,,,,,,
Beach party ,ARABE,,144.58,https://http2.mlstatic.com/D_NQ_NP_829779-MLA81768730812_012025-O.webp,,,,,,
Island bliss,ARABE,,180.96,https://http2.mlstatic.com/D_NQ_NP_624943-MLA82027863347_012025-O.webp,,,,,,
Island breeze,ARABE,,185.4,https://http2.mlstatic.com/D_NQ_NP_743095-MLA96317785413_102025-O.webp,,,,,,
King Check Mate,ARABE,,155.23,https://http2.mlstatic.com/D_NQ_NP_968338-MLA79927935466_102024-O.webp,,,,,,
Lionheart EDP,ARABE,,162.33,https://fimgs.net/mdimg/perfume-thumbs/375x500.102026.jpg,,,,,,
Lionheart EDP women,ARABE,,162.33,https://soghaat.co.uk/cdn/shop/files/Lionheart-Woman-100ml-EDP-by-Armaf-2.jpg?v=1777409165&width=1445,,,,,,
Art du parfum abstracto,ARABE,,125.05,https://arabicparfums.com/cdn/shop/files/art-du-parfum-abstracto___241206_3a52c9c4-ef48-499d-ae08-5aa52d0d9c12_419x450.webp?v=1765951843,,,,,,
Tres Nuit,ARABE,,107.3,https://rimage.ripley.com.pe/home.ripley/Attachment/MKP/4467/PMP20000982257/full_image-1.jpeg,,,,,,
Tres Nuit Lyric,ARABE,,107.3,https://http2.mlstatic.com/D_NQ_NP_835886-MPE72464406011_102023-O.webp,,,,,,
Infinity Silver,ARABE,,167.65,https://http2.mlstatic.com/D_Q_NP_703631-MLA81675554644_012025-O.webp,,,,,,
Infinity Gold,ARABE,,167.65,https://rimage.ripley.com.pe/home.ripley/Attachment/MKP/4467/PMP20001364736/imagen3-1.jpeg,,,,,,
Caballo,ARABE,,128.6,https://oechsle.vteximg.com.br/arquivos/ids/23812321-1000-1000/3023234.jpg?v=639040215453970000,,,,,,
Ventana,ARABE,,117.95,https://http2.mlstatic.com/D_NQ_NP_820605-MLA43239905770_082020-O.webp,,,,,,
Ego tigre,ARABE,,125.05,https://http2.mlstatic.com/D_NQ_NP_673015-MPE104387385851_012026-O.webp,,,,,,
Italiano nero,ARABE,,117.95,https://fimgs.net/mdimg/secundar/fit.55065.jpg,,,,,,
Ego exotic,ARABE,,125.05,https://http2.mlstatic.com/D_NQ_NP_721738-MLU74223018266_022024-O.webp,,,,,,
Art dArmour,ARABE,,125.05,https://plazavea.vteximg.com.br/arquivos/ids/31252706-418-418/imageUrl_1.jpg,,,,,,
Voyage Hawaii,ARABE,,117.95,https://plazavea.vteximg.com.br/arquivos/ids/30449846-450-450/imageUrl_1.jpg?v=638733835169130000,,,,,,
Miss Attitude,ARABE,,157,https://encrypted-tbn0.gstatic.com/images?q=tbn:ANd9GcQHOcrJQXMHPgjCPaQCl2bnQ9ffz62-2jrnmg&s,,,,,,
Miss Mystique,ARABE,,157,"https://m.media-amazon.com/images/I/71FHvG9EbGL._AC_UF1000,1000_QL80_.jpg",,,,,,
Miss Chic,ARABE,,157,https://encrypted-tbn0.gstatic.com/images?q=tbn:ANd9GcTACX_ORGBmnCvsU9HyCwS_s-eMxVF7TrCeJQ&s,,,,,,
Miss Catwalk,ARABE,,157,https://http2.mlstatic.com/D_NQ_NP_761603-MLA92520324660_092025-O.webp,,,,,,
Miss Voce Viva,ARABE,,157,https://encrypted-tbn0.gstatic.com/images?q=tbn:ANd9GcQnEQqJNGP120EKX3oWUhZpzspK1qg550-t6w&s,,,,,,
Miss Magnifiq,ARABE,,157,https://encrypted-tbn0.gstatic.com/images?q=tbn:ANd9GcQZubvvCjZBTwk8CaD4KTdkH0AjRLg4vob99A&s,,,,,,
Miss Dazzling,ARABE,,157,https://http2.mlstatic.com/D_NQ_NP_740192-MLA90241939798_082025-O.webp,,,,,,
Miss Grandeur,ARABE,,157,https://encrypted-tbn0.gstatic.com/images?q=tbn:ANd9GcRJsK02NO-jQdJNJf7Y0bKGbGu8c5AlmZ_w2Q&s,,,,,,
AZZARO,DISENADOR,,306.1,https://http2.mlstatic.com/D_NQ_NP_803432-MLU75012585061_032024-O.webp,,,,,,
AZZARO TESTER,DISENADOR,,252.85,https://encrypted-tbn0.gstatic.com/images?q=tbn:ANd9GcSMic-BGwIkfdydVDOKonCN3rHz4x5bX2_xhQ&s,,,,,,
AZZARO EAU,DISENADOR,,281.25,https://encrypted-tbn0.gstatic.com/images?q=tbn:ANd9GcTvkSbk0IXr2BMf0GweYtFNXHy5aIUondw4Ew&s,,,,,,
AZZARO EAU TESTER,DISENADOR,,217.35,https://encrypted-tbn0.gstatic.com/images?q=tbn:ANd9GcRM-64PSqrvUel270BF70rZ-u31983_LA27-g&s,,,,,,
AZZARO ELIXIR,DISENADOR,,405.5,https://http2.mlstatic.com/D_NQ_NP_749190-MPE88715303711_072025-O.webp,,,,,,
SCANDAL LE PARFUM,DISENADOR,,393.08,https://rimage.ripley.com.pe/home.ripley/Attachment/WOP/1/2014316143267/thumbnail-2014316143267.webp,,,,,,
SCANDAL LE PARFUM TESTER,DISENADOR,,341.6,https://encrypted-tbn0.gstatic.com/images?q=tbn:ANd9GcSh-OT_SaCfManyIo8541yEd8FcWH935kBQ8w&s,,,,,,
SCANDAL INTENSE,DISENADOR,,412.6,"https://media.falabella.com/falabellaPE/21047290_1/w=1500,h=1500,fit=cover",,,,,,
SCANDAL INTENSE TESTER,DISENADOR,,341.6,https://puntotienda.com.py/wp-content/uploads/2025/09/3637-1024x1024.webp,,,,,,
SCANDAL ABSOLU,DISENADOR,,444.55,https://rimage.ripley.com.pe/home.ripley/Attachment/WOP/1/2014338389155/thumbnail-2014338389155.webp,,,,,,
SCANDAL ABSOLU TESTER,DISENADOR,,373.55,https://cdn.salla.sa/dqYz/615e8910-49c2-480f-8b7d-a07055530f90-1000x1000-Svc1viAlziqEzUTCavGZcRK8TVlvzcxK7XL8fPZc.jpg,,,,,,
LE MALE ELIXIR,DISENADOR,,448.1,https://rimage.ripley.com.pe/home.ripley/Attachment/WOP/1/2014318406131/thumbnail-2014318406131.webp,,,,,,
LE MALE ELIXIR TESTER,DISENADOR,,394.85,https://encrypted-tbn0.gstatic.com/images?q=tbn:ANd9GcQPrj-Bcg_5GpgTtR8gFqwT7ocnoU94MMB5-g&s,,,,,,
ULTRA MALE,DISENADOR,,412.6,https://encrypted-tbn0.gstatic.com/images?q=tbn:ANd9GcR94l4k9zUooOjwKyDu8A6jE9mwilCF7lAAbg&s,,,,,,
ULTRA MALE TESTER,DISENADOR,,377.1,https://encrypted-tbn0.gstatic.com/images?q=tbn:ANd9GcRbCJ6lfmHyEpS5IUNXoM6sO3uQ-2GnlXTcEw&s,,,,,,
LE MALE LE PARFUM,DISENADOR,,391.3,https://encrypted-tbn0.gstatic.com/images?q=tbn:ANd9GcSBi3N5yBnc0JHbRsWIZQgCAwaywoYboHYxTA&s,,,,,,
LE MALE LE PARFUM TESTER,DISENADOR,,412.6,https://perfumeunlimited.com/media/catalog/product/cache/426571a213995d0f26cf05297c4bc27d/j/e/jean_paul_gaultier_le_male_le_parfum_m_edp_intense_125ml_tester.jpg,,,,,,
PARADISE GARDEN,DISENADOR,,448.1,https://rimage.ripley.com.pe/home.ripley/Attachment/WOP/1/2014331449832/thumbnail-2014331449832.webp,,,,,,
PARADISE GARDEN TESTER,DISENADOR,,430.35,https://encrypted-tbn0.gstatic.com/images?q=tbn:ANd9GcRvd5Z9DXQFHqMRt-fh7yGAKSJx_BL3anOQpA&s,,,,,,
LE BEAU,DISENADOR,,465.85,https://media.falabella.com/falabellaPE/16956395_1/public,,,,,,
LE BAUE LE PARFUM,DISENADOR,,465.85,https://rimage.ripley.com.pe/home.ripley/Attachment/WOP/1/2014293760679/thumbnail-2014293760679.webp,,,,,,
LE BAUE LE PARFUM TESTER,DISENADOR,,430.35,https://encrypted-tbn0.gstatic.com/images?q=tbn:ANd9GcTI9_akugUAPGH6FIDLYp1GeIwjL3-w0svquA&s,,,,,,
LE MALE ELIXIR ABSOLU,DISENADOR,,448.1,https://http2.mlstatic.com/D_NQ_NP_701507-MLA84535763193_052025-O.webp,,,,,,
Y EAU DE PARFUM,DISENADOR,,448.1,https://rimage.ripley.com.pe/home.ripley/Attachment/WOP/1/2014261620363/thumbnail-2014261620363.jpg,,,,,,
EROS PARFUM,DISENADOR,,270.6,https://media.falabella.com/falabellaPE/18984583_1/public,,,,,,
EROS PARFUM TESTER,DISENADOR,,249.3,https://attoperfumes.com.co/cdn/shop/files/Tester-Versace-Eros-EDP.jpg?v=1761339615,,,,,,
EROS FLAME,DISENADOR,,274.15,https://mercury.vtexassets.com/arquivos/ids/23177673/8011009845354.jpg?v=639119487900400000,,,,,,
EROS FLAME TESTER,DISENADOR,,235.1,https://arome.mx/cdn/shop/files/tester-eros-flame-para-hombre-de-versace-edp-100ml-arome-mexico-2_1200x1200.png?v=1705347573,,,,,,
STRONGER W/U INTENSELY,DISENADOR,,377.1,https://http2.mlstatic.com/D_NQ_NP_951207-MLA50485607587_062022-O.webp,,,,,,
STRONGER W/U INTENSELY TESTER,DISENADOR,,306.1,https://encrypted-tbn0.gstatic.com/images?q=tbn:ANd9GcR5MR0utS3I2SWsL1il4ioPTte776yPIGjh-w&s,,,,,,
STRONGER W/U ABSOLUTELY,DISENADOR,,391.3,https://http2.mlstatic.com/D_NQ_NP_944712-MLU75682967739_042024-O.webp,,,,,,
STRONGER W/U PARFUM,DISENADOR,,458.75,https://http2.mlstatic.com/D_NQ_NP_707587-MPE82056838750_022025-O.webp,,,,,,
BORN IN ROMA YELLOW,DISENADOR,,327.4,"https://media.falabella.com/falabellaPE/20597495_2/w=1500,h=1500,fit=cover",,,,,,
UOMO BORN IN ROMA,DISENADOR,,391.3,https://www.perfumeriascoqueteo.com/60830-large_default/valentino-uomo-born-in-roma.jpg,,,,,,
UOMO BORN IN ROMA TESTER,DISENADOR,,270.6,https://beautifly.com.pk/wp-content/uploads/2025/01/valentino-uomo-born-in-roma-100ml-edt-tester-beautifly.com.pk.jpg,,,,,,
BORN IN ROMA EXTRADOSE,DISENADOR,,519.1,https://http2.mlstatic.com/D_NQ_NP_922926-MPE82310915482_022025-O.webp,,,,,,
BORN IN ROMA GREEN,DISENADOR,,465.85,https://encrypted-tbn0.gstatic.com/images?q=tbn:ANd9GcSwGmoNQRSrHXa6pgoxa3V37siCk9W5puFBKA&s,,,,,,
BORN IN ROMA GREEN TESTER,DISENADOR,,323.85,https://encrypted-tbn0.gstatic.com/images?q=tbn:ANd9GcTM-2ipdIU6RF3ejlTX4QzeqXtYzoWs1HeFqg&s,,,,,,
BORN IN ROMA INTENSE,DISENADOR,,480.05,https://http2.mlstatic.com/D_NQ_NP_976103-MLU74223979876_022024-O.webp,,,,,,
ACQUA DI GIO,DISENADOR,,377.1,https://plazavea.vteximg.com.br/arquivos/ids/32949534-418-418/Image-1.jpg,,,,,,
PROFONDO EAU ,DISENADOR,,444.55,https://i5.walmartimages.com/seo/Giorgio-Armani-Acqua-Di-Gio-Profondo-Eau-De-Parfum-Spray-6-7-oz_f8a336cd-bc3e-43c0-aede-8cb4dbcbadf6.2fd59d9ac2a87a1cf966039fa21dc839.jpeg,,,,,,
PROFONDO PARFUM,DISENADOR,,448.1,https://media.falabella.com/falabellaPE/20529307_1/public,,,,,,
BAD BOY COBALT,DISENADOR,,373.55,https://simple.ripley.com.pe/product/_next/image?url=https%3A%2F%2Frimage.ripley.com.pe%2Fhome.ripley%2FAttachment%2FMKP%2F4467%2FPMP20001234135%2Ffull_image-1.jpeg&w=3840&q=100,,,,,,
BAD BOY COBALT ELIXIR,DISENADOR,,394.85,https://encrypted-tbn0.gstatic.com/images?q=tbn:ANd9GcRAaq4Pn47l3z2fAazcjPDenoDWQMqkt4j1nA&s,,,,,,
ONE MILLION,DISENADOR,,329.97,https://encrypted-tbn0.gstatic.com/images?q=tbn:ANd9GcS61n2o73EjBA7j3yaXvcBPd5pkTtUO4pTIag&s,,,,,,
SAUVAGE EAU,DISENADOR,,536.5,https://encrypted-tbn0.gstatic.com/images?q=tbn:ANd9GcToI10-XSuwXf7YZbMSWNhjgDzy4wij6REeyw&s,,,,,,
SAUVAGE ELIXIR,DISENADOR,,837.5,https://http2.mlstatic.com/D_NQ_NP_992312-MLC50745558879_072022-O.webp,,,,,,
MOSCHINO TOY BOY,DISENADOR,,156.75,https://encrypted-tbn0.gstatic.com/images?q=tbn:ANd9GcTnaXmW7fX0wgnqx92xrY7vPc7g-PBY0VvfPQ&s,,,,,,
212 VIP BLACK,DISENADOR,,295,https://encrypted-tbn0.gstatic.com/images?q=tbn:ANd9GcRHUpDtHX2bRNrlyqsv6gmmwKhkaBL242O4EA&s,,,,,,
BURBERRY EDP,DISENADOR,,326.5,"https://media.falabella.com/falabellaPE/16913195_2/w=1500,h=1500,fit=cover",,,,,,
AZZARO ELIXIR EDP,DISENADOR,,375.5,https://http2.mlstatic.com/D_NQ_NP_749190-MPE88715303711_072025-O.webp,,,,,,
DOLCE LIGHT BLUE,DISENADOR,,225,https://oechsle.vteximg.com.br/arquivos/ids/14744880-1000-1000/2358172_2.jpg?v=638280367876270000,,,,,,
RALPH POLO,DISENADOR,,242.5,https://static.sweetcare.com/img/prd/488/v-638284972917075164/ralph-lauren-016292rl-4.webp,,,,,,
CAROLINA GOOD GIRL BLUSH,DISENADOR,,414,https://rimage.ripley.com.pe/home.ripley/Attachment/WOP/1/2014314371228/thumbnail-2014314371228.webp,,,,,,
SPICEBOMB,DISENADOR,,309,https://i5.walmartimages.com/asr/56c01e6c-ece1-4bb9-8a27-9fb77cf13a88.6adbacafd8f039a27163d037b0e8a71d.jpeg,,,,,,<
PHANTOM,DISENADOR,,302,"https://media.falabella.com/falabellaPE/19938116_1/w=1500,h=1500,fit=cover",,,,,,<
INVICTUS VICTORY ELIXIR,DISENADOR,,452.5,https://encrypted-tbn0.gstatic.com/images?q=tbn:ANd9GcRoAeyU2XS0Ffq-cGztE707bu6o7vBxXFZyeA&s,,,,,,
MISS DIOR,DISENADOR,,610,https://encrypted-tbn0.gstatic.com/images?q=tbn:ANd9GcQbhivYfFpTCh-loz7qO9tVrgHloHWxCP7IeQ&s,,,,,,
L´HOMME PRADA,DISENADOR,,326.5,https://www.beautystoreperu.com/cdn/shop/files/71V27OC7DdL._SL1500.jpg?v=1715184556,,,,,,
DOLCE THE ONE,DISENADOR,,267,https://http2.mlstatic.com/D_Q_NP_700897-MLU72301548704_102023-O.webp,,,,,,
Erba Pura,NICHO,,736.45,"https://media.falabella.com/falabellaPE/145876564_01/w=1500,h=1500,fit=cover",,,,,,
Erba Pura Tester,NICHO,,665.45,https://encrypted-tbn0.gstatic.com/images?q=tbn:ANd9GcTQaIZsa8qpFK_2TXeW9gWgg-E5D0G5NkffEw&s,,,,,,
Erba Gold,NICHO,,771.95,https://http2.mlstatic.com/D_NQ_NP_774081-MLU76807101009_062024-O.webp,,,,,,
Erba Gold Tester,NICHO,,665.45,https://urbanshop.pk/wp-content/uploads/2025/01/WhatsApp-Image-2025-01-23-at-9.00.59-PM-2.jpeg,,,,,,
Naxos,NICHO,,736.45,https://cazanovaonline.mx/cdn/shop/files/xerjoff-naxos.webp?v=1765326982&width=1445,,,,,,
Naxos Tester,NICHO,,665.45,https://i.ebayimg.com/images/g/nF4AAeSwMzppO7Tx/s-l400.png,,,,,,
Accento EDP,NICHO,,750.65,https://encrypted-tbn0.gstatic.com/images?q=tbn:ANd9GcQo4TBzryAuezce5hBFjtK_5Po0pWGsphDkqw&s,,,,,,
Accento EDP Tester,NICHO,,665.45,https://encrypted-tbn0.gstatic.com/images?q=tbn:ANd9GcSpMC2PoHYogaboVPx7iZn7ZZTzH2GxjEXRYQ&s,,,,,,
Tony Iommi Monkey Spacial,NICHO,,967.2,https://encrypted-tbn0.gstatic.com/images?q=tbn:ANd9GcQTgIys1beaYWYtdHmuVhTYUmaAAKXoOtZ3sQ&s,,,,,,
Althair,NICHO,,878.45,https://http2.mlstatic.com/D_NQ_NP_622182-MLU75982574040_052024-O.webp,,,,,,
Althair Tester,NICHO,,754.2,https://encrypted-tbn0.gstatic.com/images?q=tbn:ANd9GcQtS61mvKNnrJOGLnBs9fPmGzLl79YcHb5QIQ&s,,,,,,
Layton,NICHO,,860.7,https://http2.mlstatic.com/D_NQ_NP_754281-MPE54954366418_042023-O.webp,,,,,,
Layton Tester,NICHO,,754.2,https://encrypted-tbn0.gstatic.com/images?q=tbn:ANd9GcTohN-WznyUTMf4sTa1qELAXul0jKEbU3uO_Q&s,,,,,,
Mancera Coco Vanille,NICHO,,395.65,https://www.google.com/imgres?q=mancera%20coco%20vanille&imgurl=https%3A%2F%2Fsimple.ripley.com.pe%2Fproduct%2F_next%2Fimage%3Furl%3Dhttps%253A%252F%252Frimage.ripley.com.pe%252Fhome.ripley%252FAttachment%252FMKP%252F3734%252FPMP20001144249%252Ffull_image-1.jpeg%26w%3D3840%26q%3D100&imgrefurl=https%3A%2F%2Fsimple.ripley.com.pe%2Fmancera-coco-vanille-by-mancera-unisex-4oz-120ml-edp-pmp20001144249%3Fsrsltid%3DAfmBOopdkkqB4B59IRSNEYNH8YyBUOnZzESGXsXlbkF3N2Pi1MysSdHv&docid=CEsVUCGwJWcYzM&tbnid=wck8o8cJy0LwIM&vet=12ahUKEwih7saBvMOUAxVkL7kGHeqxJKoQnPAOegQIGBAB..i&w=590&h=544&hcb=2&ved=2ahUKEwih7saBvMOUAxVkL7kGHeqxJKoQnPAOegQIGBAB,,,,,,
Mancera Red Tobacco,NICHO,,416.95,https://http2.mlstatic.com/D_NQ_NP_990282-MLA49844139687_052022-O.webp,,,,,,
Mancera French Riviera Tester,NICHO,,416.95,https://encrypted-tbn0.gstatic.com/images?q=tbn:ANd9GcSWN7QitCcNJvovib5QZtXVpqAtL3H8mYZVUA&s,,,,,,
Mancera Amore Caffé,NICHO,,395.65,https://encrypted-tbn0.gstatic.com/images?q=tbn:ANd9GcSPpIV-mN-dDt7AZmZmFPBN8xcQ7MU9djRAgg&s,,,,,,
Mancera Tonka Cola,NICHO,,381.45,https://encrypted-tbn0.gstatic.com/images?q=tbn:ANd9GcRCEFuYxJQYysVOYDfLxN7j6Hq7BohLgxFZTA&s,,,,,,
Mancera Instant Crush Tester,NICHO,,360.15,https://encrypted-tbn0.gstatic.com/images?q=tbn:ANd9GcTmKrvi1xqsCG7vrPaf7pIxw5jOK2BzO2JkKw&s,,,,,,
Mancera Roses Vanille Tester,NICHO,,360.15,https://i5.walmartimages.com/asr/f8e1a7a7-1c60-4825-84f6-2c7bf3f0d5ea.7978fb41d58b8f55af5b0dd20d058d99.jpeg,,,,,,
Mancera Amberful EDP Tester,NICHO,,360.15,https://i.ebayimg.com/images/g/KIMAAOSwoH1nqYPq/s-l1200.png,,,,,,
Mancera Red Tobacco Tester,NICHO,,360.15,https://perfumesmundiales.com/wp-content/uploads/2025/02/Imagen-perfume-Mancera-Red-Tobacco-TESTER.webp,,,,,,
Mancera Instant Crush,NICHO,,395.45,https://i5.walmartimages.com/seo/Mancera-Instant-Crush-4-oz-EDP-Spray_0a785f82-884d-4d42-b998-884e589ce145.dd3a01ead5c89ba7b58f54afb38dd4bb.jpeg,,,,,,
Mancera Xplicit Vanilla Tester,NICHO,,345.95,https://i.ebayimg.com/images/g/aicAAeSwrW5pEsQQ/s-l1200.png,,,,,,
Mancera Wild Lather Tester,NICHO,,360.15,https://encrypted-tbn0.gstatic.com/images?q=tbn:ANd9GcRNgF8PIPV6vJd_CIPnF0TQyj2ur2WdTOv_PA&s,,,,,,
Mancera Riviera ,NICHO,,470.2,https://encrypted-tbn0.gstatic.com/images?q=tbn:ANd9GcQIP_7auQCPKuGtKWb3ZU8c2jVBU3hgaEX4_w&s,,,,,,
Mancera Intense Cedrat Boise,NICHO,,395.65,https://http2.mlstatic.com/D_NQ_NP_883393-MPE83062948817_032025-O.webp,,,,,,
Creed Aventus,NICHO,,1105.65,https://encrypted-tbn0.gstatic.com/images?q=tbn:ANd9GcQklAwnENQcia8OQhc6upDARVrnjkxeLRE--A&s,,,,,,
Creed Carmina Tester,NICHO,,842.95,https://encrypted-tbn0.gstatic.com/images?q=tbn:ANd9GcTq-69LzMVIb4unlBvlYKEmhsXpXvR2IHFdtA&s,,,,,,
Creed Silver Mountain,NICHO,,931.7,https://images-na.ssl-images-amazon.com/images/I/51QGfj2GT%2BL.jpg,,,,,,
Creed Aventus Absolu,NICHO,,1375.45,https://disfragancias.com/cdn/shop/files/absolu_aventus.jpg?v=1773200434,,,,,,
Creed Millesime Imperial Tester,NICHO,,825.2,https://encrypted-tbn0.gstatic.com/images?q=tbn:ANd9GcQqA9vHNCD21bO5-aD0EZ5dLj_ZEJ_fkL-waw&s,,,,,,
Creed Aventus Tester,NICHO,,1020.45,"https://m.media-amazon.com/images/I/81pv2M86GuL._AC_UF1000,1000_QL80_.jpg",,,,,,
Creed Silver Mountain Tester,NICHO,,835.85,https://cdn2.jomashop.com/media/catalog/product/cache/b3e31d40bbb1abcc90b26106659d5d3f/c/r/creed-unisex-creed-silver-mountain-water-edp-spray-34-oz-tester-fragrances-3508440561053.jpg?width=800&height=800,,,,,,
Creed Absolu Aventus EDP,NICHO,,1410.95,https://http2.mlstatic.com/D_NQ_NP_782213-MPE98207865162_112025-O.webp,,,,,,
Creed Green Irish Tweed,NICHO,,878.45,"https://media.falabella.com/falabellaPE/152743857_01/w=1500,h=1500,fit=cover",,,,,,
Creed Millesime Imperial,NICHO,,931.7,https://http2.mlstatic.com/D_NQ_NP_612953-MLA90601953419_082025-O.webp,,,,,,
Gisada Ambassador,NICHO,,395.65,https://http2.mlstatic.com/D_NQ_NP_648900-MPE74051101566_012024-O.webp,,,,,,
Gisada Ambassador Intense,NICHO,,395.65,https://http2.mlstatic.com/D_NQ_NP_967989-MLU71301930908_082023-O.webp,,,,,,
Tom Ford Lost Cherry Box,NICHO,,984.95,https://encrypted-tbn0.gstatic.com/images?q=tbn:ANd9GcS-swxDGZR61gWRej08BMF7VRuUTBi16r7eeQ&s,,,,,,
Tom ford Ombré Leather Parfum Tester,NICHO,,640.6,https://a.cdnsbn.com/images/products/xl/34747198005-1.jpg,,,,,,
Tom Ford Neroli Portofino Tester,NICHO,,665.45,https://encrypted-tbn0.gstatic.com/images?q=tbn:ANd9GcQ1b4CSDYkb9hMgnOYjiXZe1rmGX-nIB9s1oQ&s,,,,,,
Tom Ford Velvet Orchid Tester,NICHO,,470.2,https://encrypted-tbn0.gstatic.com/images?q=tbn:ANd9GcRmUtIK5Oy2m_8njUxEuHHjRyeO3RAozxFWuQ&s,,,,,,
Tom ford Ombré Leather Tester,NICHO,,629.95,"https://media.falabella.com/falabellaPE/141166698_011/w=800,h=800,fit=pad",,,,,,
Tom ford Soleil Blanc Tester,NICHO,,629.95,https://www.tryasample.eu/images/tom-ford-soleil-blanc-eau-de-toilette-2ml-p.jpg,,,,,,
Tom Ford D'Ombre Leather Tester,NICHO,,594.45,https://c8n.tradeling.com/img/plain/pim/rs:auto:1600::0/f:webp/q:90/up/68faa25c4a117183e57384f0/6aaf983a4048c31cbf664d574daa7db5.png,,,,,,
Tom Ford Fucking Fabulous Tester,NICHO,,825.2,https://subscents.co.uk/cdn/shop/products/Tom_Ford_Fucking_Fabulous_Eau_De_Parfum.jpg?v=1612038810,,,,,,
Tom Ford Tabacco Vanille Tester,NICHO,,685.45,https://allneeds4u.com/wp-content/uploads/2023/03/DB212511-232D-4884-AE37-DEA168EA1ACE.jpg,,,,,,
Tom Ford Oud Wood Tester,NICHO,,629.95,https://beautymall.s3.ap-southeast-1.amazonaws.com/media/2024/04/24224608/6-tom-ford-oud-wood-eau-de-parfum-100ml-1-350x350.jpg,,,,,,
Summer Hammer,NICHO,,644.15,https://royalluxperu.com/api/scrooge/file/FL-E56A5635?v=-1,,,,,,
JO MILANO ROLL IT 1 PARIS,NICHO,,258.25,https://encrypted-tbn0.gstatic.com/images?q=tbn:ANd9GcTBkcmRAeKQobRhH6j0hlR_CLzJHqsJ-wk6EA&s,,,,,,
JO MILANO ARGENTINA,NICHO,,104.25,https://disfragancias.com/cdn/shop/files/Jo_Milano_Goal_Argentina_1.jpg?v=1776223141,,,,,,
JO MILANO BRAZIL,NICHO,,104.25,https://i.ebayimg.com/images/g/BLAAAeSw3-dpzt3X/s-l1200.jpg,,,,,,
JO MILANO PORTUGAL,NICHO,,104.25,https://i.ebayimg.com/images/g/5ZIAAeSwlBhpzt0C/s-l1200.jpg,,,,,,
JO MILANO COLOMBIA,NICHO,,104.25,https://i.ebayimg.com/images/g/EQMAAeSw-YFpztuY/s-l400.jpg,,,,,,
JO MILANO RAES,NICHO,,155,https://encrypted-tbn0.gstatic.com/images?q=tbn:ANd9GcRRmurSsf22crN6nZNL2whqaZYMyrNoYet8PQ&s,,,,,,
JO MILANO MI AMOUR,NICHO,,120,https://jomilanoparis.com/cdn/shop/files/MiAmour.jpg?v=1723738337&width=1445,,,,,,
JO MILANO LEVANTE,NICHO,,120,https://saviapr.com/cdn/shop/files/850051043132_JO_MILANO_LEVANTE_EXCLUSIVE_3.4_OZ_MEN_cefaa019-55f2-4c95-b38d-74613fb341dd.png?v=1770069498&width=800,,,,,,
JO MILANO ROLL IT 7 PARIS,NICHO,,258.25,https://encrypted-tbn0.gstatic.com/images?q=tbn:ANd9GcT30oQLVcCaUqEnVuoiPEdNB3JA2q1J7XanAQ&s,,,,,,
JO MILANO ROLL IT 5 PARIS,NICHO,,258.25,https://cazanovaonline.mx/cdn/shop/files/1_d8e27ebc-19c7-4a64-adf3-6ff54f296478.webp?v=1758909505&width=1946,,,,,,
JO MILANO ROLL IT 2 PARIS,NICHO,,258.25,https://encrypted-tbn0.gstatic.com/images?q=tbn:ANd9GcSHHRBjRCbsKMU7HR-l2qLnEFbR0p5JxQ2JtQ&s,,,,,,
JO MILANO ROLL IT 18 PARIS,NICHO,,258.25,https://i.ebayimg.com/images/g/YzsAAeSw0mNp-Pv~/s-l225.jpg,,,,,,
JO MILANO GAMES OF SPADES FULL HOUSE,NICHO,,218,https://encrypted-tbn0.gstatic.com/images?q=tbn:ANd9GcQ1bc3MHWrtplcKVSEh6xr1z3vta5G3cJUCUw&s,,,,,,
JO MILANO GAMES OF SPADES ALL IN,NICHO,,224.12,https://encrypted-tbn0.gstatic.com/images?q=tbn:ANd9GcTXzv7zh_-rBXU87uezN66OkVcm59rfnJEqtg&s,,,,,,
JO MILANO GAMES OF SPADES KING,NICHO,,182.83,"https://media.falabella.com/falabellaPE/135861846_01/w=1004,h=1500,fit=pad",,,,,,
JO MILANO GAMES OF SPADES TOPAZ,NICHO,,228.5,https://i.ebayimg.com/images/g/3EcAAeSwrX9pKMmN/s-l225.jpg,,,,,,
JO MILANO GAMES OF SPADES ROUGUE,NICHO,,207.5,https://http2.mlstatic.com/D_NQ_NP_816052-MLU72341709844_102023-O.webp,,,,,,
JO MILANO GAMES OF SPADES ROYALE,NICHO,,212.75,https://perfumartevip.com/wp-content/uploads/2024/05/Game-of-Spades-Royale-de-Jo-Milano-Paris-100ml-scaled.jpg,,,,,,
JO MILANO GAMES OF SPADES NO LIMIT,NICHO,,214.5,https://cazanovaonline.mx/cdn/shop/files/1_1.webp?v=1758730050&width=1946,,,,,,
JO MILANO GAMES OF SPADES DOBLUE BONUS,NICHO,,228.5,https://http2.mlstatic.com/D_NQ_NP_684537-MLA104866809079_012026-O.webp,,,,,,
JO MILANO GAMES OF SPADES DIAMOND,NICHO,,237.25,https://encrypted-tbn0.gstatic.com/images?q=tbn:ANd9GcTU8hhj6rs7epms6w_IeT_vs1O9_uhXrxUdRA&s,,,,,,
JO MILANO GAMES OF SPADES EMERALD,NICHO,,228.5,https://rimage.ripley.com.pe/home.ripley/Attachment/MKP/5719/PMP20001170075/full_image-1.jpeg,,,,,,
JO MILANO GAMES OF SPADES BONUS,NICHO,,228.5,https://http2.mlstatic.com/D_NQ_NP_615191-MLA96424112227_102025-O.webp,,,,,,
JO MILANO GAMES OF SPADES JACKPOT,NICHO,,216.25,https://http2.mlstatic.com/D_NQ_NP_834740-MLU71590688289_092023-O.webp,,,,,,
JO MILANO GAMES OF SPADES BLIND BID,NICHO,,213.62,https://encrypted-tbn0.gstatic.com/images?q=tbn:ANd9GcR9MYd5JztAGeiVpjvReQVrxVTZtXQ2NKxuFg&s,,,,,,
JO MILANO GAMES OF SPADES QUEEN,NICHO,,214.5,"https://m.media-amazon.com/images/I/61MKT3P2weL._AC_UF1000,1000_QL80_.jpg",,,,,,
JO MILANO GAMES OF SPADES RUBY,NICHO,,224.82,https://fandi-perfume.com/cdn/shop/files/jo-milano-paris-game-of-spades-ruby-unisex-eau-de-parfum-1217973861.jpg?v=1769283048&width=1200,,,,,,
PACK ASAD,PACK,,121.75,https://http2.mlstatic.com/D_NQ_NP_939914-MLA82579449104_032025-O.webp,,,,,,
LATAFFA PRIDE GIFSET,PACK,,104.25,https://www.cosmoland.com.tr/uploads/urunler/lattafa-pride-5-x-20-ml-edp-gift-set-box-05-unisex-parfum-seti-39773.webp,,,,,,
YARA 5 ANIVERSARY,PACK,,130.4,https://http2.mlstatic.com/D_NQ_NP_605123-MLA90582877911_082025-O.webp,,,,,,
NEW HAWAS ICE 3 PIECES,PACK,,217.2,https://www.intenseoud.com/cdn/shop/files/npasbwnlcb4ull7sqq6p.webp?v=1776196562,,,,,,
GIFSET ART OF UNIVERSE,PACK,,140.82,https://lattafa.com/wp-content/uploads/2025/07/Art-of-Universe-Giftset-3pcs-copy-scaled.jpg,,,,,,
JO MILANO GAME OF SPADES 4 PIECES,PACK,,239,https://i5.walmartimages.com/seo/Jo-Milano-Game-Spades-Royale-4-Piece-Gift-Set-Unisex-3-4-Oz-Parfum-Spray-6-8-Oz-Body-Cleanser-6-8-Oz-Body-Cream-0-27-Oz-Refillable-Atomizer_9ef09df4-acad-4749-a5ad-6c9905f90cf7.4f58503ab3588a1878cb524bc8595392.jpeg,,,,,,
JO MILANO GAME OF SPADES 3 PIECES,PACK,,235.5,"https://m.media-amazon.com/images/I/71DMHJhH1SL._AC_UF1000,1000_QL80_.jpg",,,,,,
JO MILANO GAME OF SPADES 9 PIECES,PACK,,232,https://cazanovaonline.mx/cdn/shop/files/Disenosintitulo-2024-04-05T100603.637.jpg?v=1712350229&width=1445,,,,,,
JO MILANO GAME OF SPADES EMERALD 8 PIECES,PACK,,326.5,https://jomilanoparis.com/cdn/shop/files/WhatsAppImage2025-11-19at11.20.51AM_1_f3500f7c-4d58-4156-ad18-3ca1552d026c.jpg?v=1763581087,,,,,,
JO MILANO GAME OF SPADES WILDCARD GIFT SET,PACK,,242.5,https://americanperfumare.com/cdn/shop/files/estuchejomilanowildcard2.webp?v=1736889529,,,,,,
JO MILANO GAME OF SPADES EXCLUSIVE COLECCTION 2,PACK,,377.25,https://beautyhouse.com/cdn/shop/files/03got7lv3j.png?v=1772560077&width=1080,,,,,,
JO MILANO GAME OF SPADES EXCLUSIVE COLECCTION 1,PACK,,377.25,https://jomilanoparis.com/cdn/shop/files/GOSExclusive_1_60dea707-9506-4e71-aeb6-03e50bb84cc0.jpg?v=1763579250,,,,,,
JO MILANO GAME OF SPADES FULL HOUSE SET,PACK,,259.12,https://jomilanoparis.com/cdn/shop/files/FullHouseSet.jpg?v=1738353186&width=1445,,,,,,
JO MILANO GAME OF SPADES DIAMOND COLLECTION,PACK,,244.25,https://oasisperfumesusa.com/cdn/shop/files/GameOfSpadesDiamondCollection_9bdebec6-5b67-4329-8080-d1d0de69ae9a.png?v=1766421002,,,,,,
JO MILANO GAME OF SPADES ROYALE GIFT SET,PACK,,242.5,https://valenciaperfumes.com/cdn/shop/files/C27441D8-0646-4BAC-94F6-0B15C66E79C6.png?v=1733339485&width=1445,,,,,,
JO MILANO GAME OF SPADES GIFT SET,PACK,,233.75,https://oasisperfumesusa.com/cdn/shop/files/w54odhjt5rt42obxnlzofosi.png?v=1755206290,,,,,,
ARMAF VOYAGUE DISCOVER SET 4,PACK,,190,https://sekegamayoreo.com/wp-content/uploads/2025/05/102766-500x500.webp,,,,,,
LATAFFA BADEE GIFT SET 3,PACK,,120,https://www.theperfumaria.net/cdn/shop/files/0UD1.jpg?v=1749244784,,,,,,
GOOD GIRL CAROLINA HERRERA GIFT SET,PACK,,256.5,https://encrypted-tbn0.gstatic.com/images?q=tbn:ANd9GcTkeX488QIADE_bTpYiXtQn7aG5tTOnAwBqUQ&s,,,,,,
ARMAF CLUB DE NUIT URBAN MAN ELIXIR SET 4,PACK,,141,https://armaf.com/cdn/shop/files/CLUBDENUITURBANMANELIXIR.png?v=1770410575&width=1080,,,,,,
GUCCI GEORGEUOS GARDENIA SET,PACK,,417.5,https://encrypted-tbn0.gstatic.com/images?q=tbn:ANd9GcSnqnOiWbrQ9wfN_8vsE6sREZFp-N9zW_-dZQ&s,,,,,,
YSL BLACK OPIUM SET 3 GIRL,PACK,,487.5,https://cdn2.jomashop.com/media/catalog/product/cache/b3e31d40bbb1abcc90b26106659d5d3f/y/v/yves-saint-laurent-ladies-black-opium-gift-set-fragrances-3614274400014_2.jpg?width=800&height=800,,,,,,
JPG SCANDAL GIFT SET FOR HIM,PACK,,351,"https://m.media-amazon.com/images/I/51c2t2DcdQL._AC_UF1000,1000_QL80_.jpg",,,,,,
VALENTINO BORN IN ROMA DONNA GIFT SET,PACK,,452.5,https://media.falabella.com/falabellaPE/20612438_1/public,,,,,,
YVES SAINT LAURENT MEN GIFT SET 2 PIECES,PACK,,470,https://slimages.macysassets.com/is/image/MCY/products/3/optimized/27260963_fpx.tif,,,,,,
AZZARO THE MOST WANTED GIFT SET,PACK,,364.95,https://thefoschini.vtexassets.com/arquivos/ids/221247780-800-1067?v=638966309005130000&width=800&height=1067&aspect=true,,,,,,